{"flenth": 598.8326659374702, "px": 120.96419851936898, "py": 277.8583569949862}